Obesity; Total; Adults with Diabetes Aged 18+ Years; Age-Adjusted Percentage; U.S. States
Data downloaded on 18-November-2025
Year,State,Percentage,Lower Limit, Upper Limit
2000,Median of States,46.8,44.9,49.6
2001,Median of States,48.8,46.1,51.7
2002,Median of States,51.4,49.3,53
2003,Median of States,51.5,50.2,53.8
2004,Median of States,54.7,52.8,56.3
2005,Median of States,55.5,54.3,56.6
2006,Median of States,56.1,53.9,57.9
2007,Median of States,56.5,54.6,58.2
2008,Median of States,57,55.7,59.4
2009,Median of States,56.4,55.1,58.3
2010,Median of States,59.2,56.6,60.1
2011,Median of States,58.1,56.8,60.1
2012,Median of States,58.2,56.9,59.5
2013,Median of States,58.7,57.3,60.7
2014,Median of States,58.1,56.6,59.4
2015,Median of States,59.1,56.1,60
2016,Median of States,58.1,56.6,60
2017,Median of States,60.5,58,61.3
2018,Median of States,58.6,57.1,60.7
2019,Median of States,59.9,57.2,61.1
2020,Median of States,58.7,57.2,60.6
2021,Median of States,60,57.9,61.7
2022,Median of States,59.4,57.7,60.5
2023,Median of States,59.5,57.1,61.6
2000,Virgin Islands of the U.S.,No Data,No Data,No Data
2000,Guam,No Data,No Data,No Data
2000,Montana,33.6,23.9,45
2000,Hawaii,36,28.8,43.9
2000,California,37,27,48.2
2000,Delaware,38.5,28.6,49.3
2000,Massachusetts,39.2,33.1,45.7
2000,Puerto Rico,41.6,34.3,49.2
2000,New York,41.8,32.8,51.4
2000,Nevada,Suppressed,Suppressed,Suppressed
2000,Oklahoma,43.1,34.8,51.8
2000,New Jersey,43.3,35.3,51.7
2000,Michigan,43.5,35.6,51.7
2000,Colorado,43.8,30.8,57.7
2000,Arkansas,44.2,35.4,53.5
2000,Washington,44.5,36.3,52.9
2000,Wisconsin,44.5,34.6,54.7
2000,Maryland,44.6,36.8,52.8
2000,Louisiana,44.8,38.2,51.5
2000,Tennessee,44.8,36.5,53.5
2000,Nebraska,44.9,34.4,56
2000,New Mexico,45.3,36.8,54.1
2000,Indiana,45.4,36.5,54.7
2000,Georgia,45.6,38.2,53.2
2000,North Dakota,45.6,32.7,59.3
2000,Maine,45.7,34.4,57.5
2000,Virginia,46.2,35.1,57.7
2000,Missouri,46.8,37.5,56.3
2000,Texas,46.9,40.3,53.5
2000,Alaska,Suppressed,Suppressed,Suppressed
2000,Rhode Island,47.2,38.7,55.9
2000,Wyoming,47.4,36.4,58.8
2000,Kentucky,48,40.7,55.5
2000,South Dakota,49,41.2,56.8
2000,Vermont,49.4,39.8,59.2
2000,Alabama,49.6,41,58.1
2000,Kansas,49.7,41.7,57.7
2000,Connecticut,50,41.6,58.3
2000,Mississippi,50.1,41.3,58.9
2000,Arizona,Suppressed,Suppressed,Suppressed
2000,Florida,50.3,43,57.6
2000,Minnesota,51.6,40.5,62.5
2000,Ohio,51.7,40.9,62.4
2000,North Carolina,51.8,43.5,60.1
2000,New Hampshire,53.6,40.4,66.3
2000,South Carolina,54.1,45.9,62
2000,Utah,54.1,42.9,64.9
2000,District of Columbia,54.4,42.8,65.5
2000,Pennsylvania,55.2,46,64
2000,Oregon,55.4,46.6,63.8
2000,Iowa,56.1,46,65.7
2000,Illinois,56.4,47.7,64.8
2000,West Virginia,56.8,48.9,64.4
2000,Idaho,57,49.1,64.6
2001,Colorado,29,18.6,42.2
2001,Guam,36.9,25.2,50.4
2001,Idaho,37.8,30.5,45.7
2001,Puerto Rico,38.7,32.3,45.5
2001,Wyoming,39.8,30.6,49.8
2001,Maryland,40.7,32.8,49
2001,Arkansas,41.9,34,50.2
2001,Florida,42,35.1,49.3
2001,Connecticut,42.8,36.6,49.2
2001,Nevada,43.1,31.7,55.3
2001,Rhode Island,43.1,34.6,52.1
2001,New Hampshire,43.4,35.6,51.6
2001,Virginia,43.9,35.6,52.7
2001,North Dakota,44.5,34.4,55.1
2001,Oklahoma,44.8,37.4,52.5
2001,Maine,45.5,34.3,57.2
2001,New Mexico,45.7,37.1,54.4
2001,New Jersey,46,38.7,53.4
2001,South Dakota,46,38.7,53.5
2001,Utah,46.1,35.1,57.5
2001,Georgia,47.2,40.4,54.2
2001,Arizona,47.3,37.5,57.4
2001,Virgin Islands of the U.S.,47.5,37.9,57.2
2001,Louisiana,47.8,41.6,54.2
2001,Delaware,47.9,39.3,56.5
2001,Mississippi,48.1,40.6,55.7
2001,Montana,48.1,37.6,58.7
2001,Pennsylvania,49.5,41.4,57.6
2001,Illinois,49.8,41.5,58
2001,Hawaii,50.1,38.9,61.3
2001,Oregon,50.3,39.7,60.9
2001,North Carolina,50.4,42.6,58.1
2001,Wisconsin,50.6,41.5,59.7
2001,Massachusetts,50.8,44.2,57.4
2001,South Carolina,51.7,44.2,59.1
2001,California,52.3,44,60.5
2001,Kentucky,52.3,46.2,58.3
2001,Minnesota,52.5,42.4,62.4
2001,Alaska,52.9,39.8,65.5
2001,Iowa,53,43.8,61.9
2001,Alabama,53.2,46,60.2
2001,Tennessee,53.4,43.8,62.8
2001,Ohio,53.8,45.4,62.1
2001,Missouri,53.9,45,62.6
2001,Indiana,54.2,47,61.2
2001,Texas,54.3,48.3,60.1
2001,Michigan,54.9,47.7,61.9
2001,Nebraska,55.2,46,64.1
2001,Kansas,56.2,48.5,63.6
2001,West Virginia,56.5,48.8,64
2001,District of Columbia,56.8,46.3,66.7
2001,Vermont,56.8,48.1,65.2
2001,Washington,57.2,49.3,64.8
2001,New York,58.3,50.1,66
2002,Virgin Islands of the U.S.,35.5,27.8,43.9
2002,District of Columbia,38,27.9,49.2
2002,Guam,Suppressed,Suppressed,Suppressed
2002,California,41.7,33.7,50.3
2002,Montana,43.2,33.1,53.9
2002,Florida,43.3,37.1,49.8
2002,Puerto Rico,43.3,37.1,49.6
2002,New Jersey,44.2,33.9,55
2002,Maryland,44.3,36.3,52.6
2002,Maine,45.2,35.6,55.2
2002,Colorado,46.2,37,55.6
2002,Massachusetts,46.4,39.6,53.3
2002,Arizona,46.6,36.7,56.8
2002,Ohio,47.5,40.2,55
2002,Utah,47.5,35.3,60.1
2002,Wyoming,47.6,39.2,56.2
2002,Washington,48,39.6,56.5
2002,Texas,48.1,42.5,53.8
2002,Hawaii,48.2,40.7,55.8
2002,New Mexico,49.1,41.8,56.4
2002,Idaho,49.3,41.3,57.4
2002,Oklahoma,49.8,44.3,55.3
2002,Nevada,50.2,39.4,60.9
2002,New York,50.3,42,58.6
2002,Kentucky,50.7,43.8,57.5
2002,Illinois,50.8,43.9,57.6
2002,Rhode Island,51,42,60
2002,Alabama,51.4,44.5,58.3
2002,New Hampshire,51.4,44.1,58.6
2002,Michigan,51.8,45.8,57.8
2002,Kansas,52,45.4,58.6
2002,West Virginia,52,45.3,58.6
2002,Iowa,52.2,43.4,60.9
2002,Louisiana,52.8,45.4,60.1
2002,Alaska,52.9,40.6,65
2002,Connecticut,53,45.1,60.8
2002,Georgia,53.3,46.6,59.8
2002,Vermont,55,47.3,62.4
2002,Indiana,55.5,49.6,61.3
2002,Minnesota,55.7,47.7,63.5
2002,Nebraska,55.8,47.4,63.8
2002,Tennessee,55.8,48.5,62.9
2002,Mississippi,55.9,49.8,61.8
2002,Missouri,56,48.2,63.5
2002,South Carolina,56,48.8,63
2002,North Dakota,56.5,47.6,65.1
2002,South Dakota,56.5,48.7,63.9
2002,North Carolina,56.8,49.6,63.7
2002,Delaware,57.4,48.7,65.6
2002,Virginia,57.5,49.2,65.4
2002,Wisconsin,57.6,49.3,65.5
2002,Arkansas,57.7,50.8,64.2
2002,Pennsylvania,57.7,52.8,62.4
2002,Oregon,59,50,67.5
2003,Alaska,37.2,26.1,49.8
2003,Virgin Islands of the U.S.,39.4,30.5,49
2003,Guam,43,30.3,56.6
2003,Massachusetts,43.2,36.8,49.8
2003,Puerto Rico,43.3,37.3,49.5
2003,Arizona,43.9,33.7,54.6
2003,Rhode Island,43.9,36,52.1
2003,Nevada,44.5,33.5,56
2003,Wyoming,46.6,39.2,54.2
2003,Ohio,46.7,38.9,54.6
2003,Florida,47.2,39.3,55.3
2003,Texas,47.9,42.5,53.3
2003,Pennsylvania,48.2,40.4,56
2003,District of Columbia,48.7,37.8,59.7
2003,South Dakota,48.9,42.2,55.6
2003,Colorado,49.2,41,57.5
2003,Missouri,49.5,41.4,57.7
2003,New Mexico,49.8,42.8,56.8
2003,Hawaii,50,41.8,58.2
2003,New York,50.2,43.4,57
2003,Vermont,50.4,42.9,58
2003,New Jersey,50.5,45.6,55.4
2003,Michigan,50.6,43.7,57.4
2003,West Virginia,50.7,44.1,57.3
2003,Connecticut,51,43.3,58.7
2003,Montana,51,42,60
2003,California,51.1,43.5,58.6
2003,New Hampshire,51.9,45.1,58.7
2003,Mississippi,52.1,46.6,57.5
2003,Illinois,52.7,46.4,59
2003,Louisiana,52.8,46.9,58.6
2003,Tennessee,53,45.1,60.7
2003,Maine,53.1,43.8,62.1
2003,North Dakota,53.6,44,62.9
2003,Kentucky,53.8,48.2,59.4
2003,Virginia,53.8,47,60.6
2003,Delaware,54.1,46.2,61.8
2003,Utah,54.2,45.2,63
2003,Alabama,54.3,47.4,61.1
2003,Oregon,54.5,46.5,62.2
2003,Nebraska,54.6,47.4,61.6
2003,Maryland,54.7,46.8,62.3
2003,Washington,55.2,51.4,59
2003,Minnesota,55.5,47.8,63
2003,North Carolina,55.5,49.8,61
2003,Iowa,55.8,48.6,62.8
2003,Kansas,56,48.6,63.2
2003,Oklahoma,56.8,52,61.5
2003,Wisconsin,56.8,48,65.2
2003,Arkansas,56.9,50.3,63.2
2003,Indiana,57.1,51.4,62.7
2003,South Carolina,57.2,51.9,62.3
2003,Idaho,57.3,49.7,64.5
2003,Georgia,59.6,54.2,64.7
2004,Guam,No Data,No Data,No Data
2004,Hawaii,No Data,No Data,No Data
2004,Virgin Islands of the U.S.,36.7,29.4,44.8
2004,Puerto Rico,37.3,31.4,43.6
2004,California,42.1,35,49.6
2004,Nevada,42.5,32,53.6
2004,Colorado,42.8,34.9,51.1
2004,Utah,46.5,38.2,55
2004,Rhode Island,46.9,39.1,54.9
2004,New York,47.9,41.2,54.8
2004,New Mexico,48.6,42,55.3
2004,New Jersey,49.5,44.7,54.4
2004,Delaware,50.1,41.1,59.1
2004,Arkansas,50.8,44.4,57.2
2004,Wyoming,51.2,43.6,58.9
2004,Nebraska,51.5,45.5,57.4
2004,Oklahoma,51.8,46.5,56.9
2004,Massachusetts,52.3,45.6,58.9
2004,Oregon,52.6,46.1,59
2004,South Dakota,52.7,46.1,59.2
2004,New Hampshire,52.8,45.9,59.6
2004,North Carolina,53,49.2,56.8
2004,North Dakota,53.1,43.4,62.5
2004,Arizona,53.2,43.3,62.9
2004,Kansas,54.2,49,59.3
2004,Maryland,54.2,45.5,62.7
2004,Idaho,54.5,47.6,61.3
2004,Michigan,54.6,48.7,60.4
2004,South Carolina,54.7,49.8,59.6
2004,Montana,54.9,47.3,62.2
2004,Washington,55.2,51.3,59.1
2004,Connecticut,55.3,48.3,62.1
2004,Vermont,55.5,49.3,61.4
2004,West Virginia,55.8,49.5,62
2004,Pennsylvania,55.9,50,61.7
2004,Indiana,56.3,50.7,61.6
2004,Virginia,56.3,49.9,62.6
2004,Illinois,56.4,48.5,63.9
2004,Kentucky,56.7,50.4,62.9
2004,Wisconsin,56.7,48.7,64.4
2004,Georgia,57.2,50.3,63.9
2004,Texas,57.4,51.7,62.9
2004,Iowa,57.9,50.8,64.8
2004,Florida,58,51.5,64.3
2004,District of Columbia,58.1,49.5,66.3
2004,Maine,59.2,51.7,66.3
2004,Tennessee,60,53.1,66.5
2004,Missouri,60.1,53.7,66.1
2004,Alabama,60.5,53.8,66.9
2004,Louisiana,61,56.2,65.6
2004,Ohio,61,52.2,69.2
2004,Mississippi,61.2,56.1,66
2004,Minnesota,61.4,53.7,68.6
2004,Alaska,61.7,49.1,72.9
2005,Guam,No Data,No Data,No Data
2005,Puerto Rico,38,32.7,43.6
2005,Virgin Islands of the U.S.,42.2,33.9,51
2005,Colorado,44,36.9,51.5
2005,California,47.5,40.3,54.8
2005,Hawaii,47.6,40.6,54.7
2005,New Jersey,47.7,43.1,52.3
2005,Montana,48,40.1,56
2005,Nevada,48.2,38.5,58
2005,Delaware,50.2,42.2,58.1
2005,New Mexico,50.2,43.9,56.5
2005,Wisconsin,50.5,43.4,57.5
2005,Minnesota,50.7,41.3,60
2005,Massachusetts,51.1,45,57
2005,Florida,51.2,44.1,58.3
2005,New York,51.2,45.4,57
2005,Rhode Island,51.7,43.8,59.6
2005,Arizona,52.6,41.8,63.3
2005,Nebraska,53.1,47.1,59.1
2005,Alabama,53.6,46.8,60.4
2005,Oklahoma,54.3,49.3,59.2
2005,North Carolina,54.5,51.2,57.8
2005,North Dakota,54.5,45.4,63.3
2005,Connecticut,54.7,47.9,61.3
2005,Arkansas,54.8,49.1,60.4
2005,Texas,54.8,49.6,59.9
2005,Maryland,55.1,50,60.1
2005,District of Columbia,55.5,47.5,63.3
2005,Oregon,55.5,51,59.9
2005,Vermont,55.6,48.9,62
2005,Kansas,55.9,50.8,61
2005,Ohio,56,49.6,62.3
2005,Georgia,56.1,49.5,62.4
2005,Utah,56.2,49.1,63.1
2005,Missouri,56.3,49.3,63
2005,Illinois,56.6,49.3,63.7
2005,South Dakota,56.6,50.7,62.3
2005,New Hampshire,56.7,50,63.1
2005,Mississippi,56.8,51.2,62.2
2005,Virginia,57.2,50.8,63.4
2005,Wyoming,57.2,50.5,63.6
2005,Maine,57.4,49.6,64.9
2005,Washington,57.9,54.4,61.3
2005,Louisiana,58.1,50.9,65.1
2005,Iowa,58.3,51.5,64.8
2005,Michigan,58.5,54.4,62.4
2005,Tennessee,58.5,52.1,64.7
2005,West Virginia,58.9,52.9,64.7
2005,Idaho,59.6,53.6,65.3
2005,South Carolina,59.8,55.8,63.6
2005,Kentucky,60.4,54.5,66
2005,Indiana,61.2,55.5,66.6
2005,Pennsylvania,61.6,56.6,66.4
2005,Alaska,63,50.6,73.9
2006,Guam,No Data,No Data,No Data
2006,Virgin Islands of the U.S.,40.5,33.9,47.4
2006,Puerto Rico,41.5,36.5,46.6
2006,Rhode Island,44.5,37.2,52.1
2006,Hawaii,44.7,38.4,51.2
2006,New York,47.5,41.6,53.6
2006,Virginia,48.3,39.3,57.4
2006,Delaware,49,41.2,56.8
2006,Colorado,49.2,42.8,55.7
2006,New Jersey,49.3,44.8,53.7
2006,Utah,49.8,41.8,57.7
2006,South Carolina,50,45.4,54.6
2006,Massachusetts,50.2,44.8,55.7
2006,Connecticut,50.5,44.7,56.2
2006,California,52.1,45.5,58.7
2006,Illinois,52.2,45.1,59.3
2006,New Mexico,52.7,47,58.4
2006,Florida,53.2,48.1,58.2
2006,New Hampshire,53.6,47.1,60
2006,Arizona,53.8,43.6,63.6
2006,Wisconsin,53.9,47,60.6
2006,Oklahoma,54.6,49.9,59.1
2006,Georgia,54.8,49.9,59.7
2006,Wyoming,55.5,48.5,62.3
2006,District of Columbia,55.6,48.2,62.8
2006,Oregon,55.9,48.7,62.8
2006,Texas,56,48.7,63.1
2006,Maryland,56.1,50.6,61.5
2006,North Carolina,56.1,52.6,59.5
2006,Alabama,56.2,49.2,63
2006,Montana,56.2,49.9,62.3
2006,Washington,56.7,53.2,60.1
2006,North Dakota,57.1,48.8,65
2006,Nebraska,57.2,51.5,62.7
2006,Iowa,57.9,51.5,63.9
2006,Nevada,57.9,49.5,65.9
2006,Vermont,58.7,53,64.2
2006,Kentucky,58.9,53.2,64.4
2006,Missouri,59.3,51.4,66.8
2006,Indiana,59.4,53.6,64.8
2006,Louisiana,59.5,55,63.9
2006,South Dakota,59.9,53.7,65.8
2006,Pennsylvania,60,53.7,65.9
2006,Arkansas,60.1,54.7,65.3
2006,Tennessee,60.4,54.4,66.1
2006,West Virginia,60.5,54.9,65.8
2006,Mississippi,61.1,56.5,65.4
2006,Kansas,61.4,56.4,66.2
2006,Minnesota,61.6,54.2,68.4
2006,Alaska,62.1,49.8,73
2006,Ohio,62.7,54.6,70.2
2006,Idaho,64.2,57.8,70.2
2006,Maine,65.2,57.9,71.9
2006,Michigan,65.2,60.2,70
2007,Guam,Suppressed,Suppressed,Suppressed
2007,Colorado,45.4,40.5,50.4
2007,New Jersey,45.9,40.1,51.9
2007,Virgin Islands of the U.S.,46.5,38.7,54.5
2007,California,48,41.9,54.1
2007,Massachusetts,49.2,45.2,53.2
2007,Connecticut,50.2,43.6,56.7
2007,Puerto Rico,50.3,44.8,55.8
2007,Rhode Island,50.4,43,57.7
2007,Arizona,50.5,40.6,60.3
2007,Hawaii,50.9,44.7,57.2
2007,District of Columbia,51.2,44.1,58.3
2007,Florida,51.2,46.9,55.5
2007,Idaho,52.2,45.9,58.4
2007,Texas,52.6,48.9,56.1
2007,Wyoming,52.9,47,58.6
2007,Utah,53,45.1,60.8
2007,Oregon,54,47.3,60.5
2007,Delaware,54.2,46.9,61.2
2007,New Hampshire,54.5,48.2,60.8
2007,Virginia,54.6,48.7,60.4
2007,Minnesota,54.9,47.1,62.4
2007,Oklahoma,55,50.1,59.7
2007,South Dakota,55.9,49.3,62.3
2007,Illinois,56.2,49.7,62.5
2007,New York,56.2,50.6,61.7
2007,Indiana,56.4,50.7,62
2007,New Mexico,56.5,50.5,62.3
2007,Montana,56.7,50.1,63.2
2007,Georgia,56.8,52,61.5
2007,Iowa,57.1,50.5,63.3
2007,Pennsylvania,57.3,50.1,64.2
2007,Ohio,57.5,53.5,61.5
2007,Vermont,57.7,49.7,65.3
2007,North Carolina,58,54.4,61.6
2007,Maine,58.2,52.7,63.5
2007,Michigan,58.8,53.7,63.8
2007,West Virginia,58.9,53.4,64.1
2007,Kansas,59.1,54.1,64
2007,Maryland,59.4,54.4,64.2
2007,Washington,59.6,56.4,62.7
2007,Kentucky,59.8,54.2,65.1
2007,North Dakota,59.9,52.6,66.7
2007,South Carolina,60,55.9,64
2007,Missouri,60.1,52.8,67
2007,Arkansas,60.2,54.8,65.4
2007,Wisconsin,60.8,54.1,67.1
2007,Louisiana,61.2,56.2,66.1
2007,Nevada,61.4,53.2,69
2007,Nebraska,61.5,54.7,67.9
2007,Mississippi,62.7,58.6,66.6
2007,Alabama,63.3,58.6,67.8
2007,Alaska,64.1,51.5,75.1
2007,Tennessee,65.7,59.7,71.2
2008,Guam,40.5,27.7,54.8
2008,Virgin Islands of the U.S.,43.1,35,51.5
2008,Nevada,46.7,38.4,55.2
2008,Colorado,47.7,42.4,53
2008,Puerto Rico,47.7,42.4,53
2008,Wyoming,47.9,41.7,54.3
2008,Rhode Island,48.4,41.6,55.3
2008,California,48.8,44.2,53.4
2008,Arizona,50.4,40.6,60.1
2008,Massachusetts,51.8,47.5,56
2008,Georgia,52.4,46.1,58.5
2008,District of Columbia,52.5,44.9,59.9
2008,New Mexico,53.2,47.2,59
2008,Hawaii,53.8,47.6,60
2008,New Jersey,54.1,49.6,58.5
2008,Texas,54.7,49.7,59.7
2008,Connecticut,55,48.1,61.8
2008,New Hampshire,55.2,48.7,61.5
2008,Montana,55.3,49,61.5
2008,New York,55.7,50,61.3
2008,Indiana,56.4,48.3,64.1
2008,Maryland,56.4,51.5,61.2
2008,North Carolina,56.4,52.6,60.1
2008,Oklahoma,56.4,51.8,61
2008,Illinois,56.5,50.1,62.6
2008,Maine,56.5,50.9,62
2008,Wisconsin,56.8,48.8,64.4
2008,Florida,57.2,51.1,63.1
2008,Washington,57.9,54.5,61.3
2008,North Dakota,58,50.9,64.8
2008,Tennessee,58,52.1,63.7
2008,Virginia,58.4,52.3,64.2
2008,Nebraska,58.7,53.3,63.9
2008,South Carolina,59.1,54.3,63.7
2008,Kentucky,59.4,54.3,64.3
2008,Delaware,59.7,51.8,67
2008,Oregon,59.7,52.8,66.2
2008,Mississippi,60,55.5,64.2
2008,Utah,60,53.5,66.2
2008,Arkansas,60.2,54.5,65.6
2008,Alabama,60.4,55.7,64.9
2008,Minnesota,60.5,52.7,67.8
2008,Alaska,60.6,48,71.8
2008,Vermont,60.6,54.8,66.2
2008,Michigan,61.1,56.7,65.4
2008,West Virginia,61.3,55.9,66.4
2008,Missouri,61.4,54.6,67.8
2008,Louisiana,61.7,57.2,66
2008,Idaho,61.9,55.5,67.9
2008,Kansas,62.5,57.9,66.9
2008,Pennsylvania,63,57.7,68
2008,Iowa,63.1,56.9,68.8
2008,Ohio,63.3,59.4,67
2008,South Dakota,65,59.1,70.5
2009,Guam,34.2,24.5,45.3
2009,Puerto Rico,43,37.9,48.2
2009,Virgin Islands of the U.S.,46.8,38.4,55.4
2009,Hawaii,47.1,40.9,53.5
2009,California,47.5,43.8,51.2
2009,Connecticut,48.4,41.7,55.2
2009,Massachusetts,48.4,43.7,53.2
2009,Colorado,48.5,43.1,53.9
2009,District of Columbia,51.2,43,59.4
2009,New York,51.5,45.4,57.5
2009,Oregon,53.5,45.2,61.5
2009,Florida,53.6,46.9,60.2
2009,Vermont,53.7,47.8,59.5
2009,Alaska,53.8,41.8,65.3
2009,Alabama,54.2,48.9,59.4
2009,Wisconsin,54.3,46.2,62.2
2009,Illinois,54.6,48.2,60.8
2009,New Jersey,54.7,49.8,59.5
2009,North Carolina,54.9,49.7,60
2009,Montana,55.1,49.3,60.8
2009,Georgia,55.3,47.8,62.5
2009,Minnesota,55.3,48,62.4
2009,South Dakota,55.9,49.9,61.8
2009,Washington,55.9,52.3,59.4
2009,Idaho,56.1,50,62
2009,Arizona,56.2,47.4,64.5
2009,South Carolina,56.2,50.8,61.5
2009,North Dakota,56.6,50,63
2009,Maryland,56.7,51.1,62.2
2009,Nevada,56.8,46.8,66.3
2009,New Mexico,57,52,61.9
2009,Oklahoma,57.1,52.6,61.5
2009,Virginia,57.4,50.7,63.8
2009,Utah,57.9,52.4,63.1
2009,Kansas,58.3,54.8,61.8
2009,Louisiana,58.3,53.5,62.8
2009,Iowa,58.4,52.1,64.4
2009,West Virginia,58.5,53.2,63.7
2009,Arkansas,58.6,51.8,65
2009,New Hampshire,58.9,52.2,65.3
2009,Texas,58.9,53.4,64.2
2009,Maine,59.3,54.6,63.8
2009,Nebraska,59.5,54.5,64.3
2009,Indiana,59.8,55.2,64.2
2009,Mississippi,59.8,56.2,63.3
2009,Tennessee,59.8,53.7,65.6
2009,Rhode Island,59.9,54.3,65.4
2009,Wyoming,61.1,55.4,66.5
2009,Ohio,61.2,56.4,65.9
2009,Delaware,62.4,55,69.3
2009,Michigan,63.7,59.3,67.9
2009,Pennsylvania,63.8,59,68.4
2009,Kentucky,64.1,59.3,68.6
2009,Missouri,67.4,60.6,73.5
2010,Puerto Rico,45.7,39.6,51.9
2010,Virgin Islands of the U.S.,45.7,36,55.6
2010,Guam,46.1,34.9,57.7
2010,Nevada,48.7,39.6,57.9
2010,New Jersey,49,44.4,53.5
2010,New Mexico,49.3,43.7,55
2010,New York,49.5,44.8,54.3
2010,California,49.6,46.1,53.1
2010,Hawaii,51.7,45.3,58
2010,Colorado,51.8,46.6,57
2010,Utah,51.8,46.4,57.1
2010,Connecticut,52,45,58.9
2010,District of Columbia,52.1,43.9,60.2
2010,Maryland,52.8,47.5,58
2010,Tennessee,54.2,48.2,60.1
2010,Rhode Island,54.3,48.3,60.3
2010,Massachusetts,54.5,49.9,59
2010,Florida,56,51.9,60.1
2010,Washington,56.1,52.1,60
2010,Alabama,56.6,51.9,61.3
2010,Alaska,57.2,43.1,70.2
2010,Virginia,57.7,50.5,64.5
2010,Wyoming,58,51.6,64.2
2010,North Dakota,58.4,51.3,65.3
2010,Missouri,58.5,51.7,65
2010,Wisconsin,58.7,51.4,65.6
2010,Minnesota,59,51.3,66.2
2010,Arizona,59.4,51.2,67.1
2010,Georgia,59.6,54.3,64.8
2010,Idaho,59.6,53.4,65.6
2010,North Carolina,59.8,55.6,63.9
2010,South Carolina,59.8,54.2,65.1
2010,Louisiana,59.9,55.3,64.3
2010,Michigan,60,55.3,64.6
2010,New Hampshire,60.1,53.7,66.2
2010,Ohio,60.1,55,65
2010,Nebraska,60.3,54.7,65.6
2010,Pennsylvania,60.4,55.8,64.8
2010,Oklahoma,60.7,56.2,65.1
2010,West Virginia,61,55.9,65.9
2010,Arkansas,61.4,54.8,67.6
2010,Kentucky,61.4,56.4,66.2
2010,Illinois,61.8,55.5,67.8
2010,Indiana,62.3,57.4,67
2010,Iowa,62.5,56.5,68.2
2010,Kansas,62.6,58,67.1
2010,Texas,62.6,58.5,66.5
2010,Maine,63.3,58.8,67.7
2010,South Dakota,63.3,56.7,69.4
2010,Delaware,63.4,56.6,69.7
2010,Mississippi,64.6,60.1,68.8
2010,Montana,64.6,58.2,70.5
2010,Oregon,65.5,59.3,71.2
2010,Vermont,66.1,60.6,71.1
2011,Virgin Islands of the U.S.,No Data,No Data,No Data
2011,Guam,41.9,32.8,51.6
2011,Puerto Rico,43,38.6,47.5
2011,Nevada,45.6,36.6,54.9
2011,California,46.9,42.9,50.9
2011,Hawaii,48,42.1,54
2011,Colorado,49.4,44.2,54.7
2011,Oregon,52.8,46.5,59
2011,New Jersey,53.2,48.7,57.7
2011,Utah,53.8,49,58.5
2011,Massachusetts,53.9,49.8,57.9
2011,Illinois,54.1,46.8,61.1
2011,New Mexico,54.5,49.9,59
2011,Alabama,54.6,49.8,59.4
2011,Arizona,54.9,46.8,62.8
2011,Tennessee,55.1,47,62.9
2011,Alaska,55.2,44.3,65.6
2011,New York,55.8,50.5,60.9
2011,Virginia,56,49.7,62
2011,South Dakota,56.3,48.6,63.8
2011,Florida,56.8,51.8,61.6
2011,Minnesota,56.9,52.1,61.5
2011,New Hampshire,57.5,51.5,63.3
2011,North Carolina,57.5,52.9,61.9
2011,Texas,57.5,53,61.9
2011,Maine,57.7,53.9,61.4
2011,Mississippi,57.9,54,61.8
2011,District of Columbia,58.1,50.5,65.4
2011,Vermont,58.5,52.6,64.2
2011,Washington,59.2,54.7,63.6
2011,South Carolina,59.4,55.3,63.3
2011,Idaho,59.5,52.4,66.1
2011,Montana,59.6,53.9,65
2011,Rhode Island,59.6,53.6,65.2
2011,Ohio,59.8,55.1,64.4
2011,Connecticut,60.1,54.1,65.9
2011,Oklahoma,60.1,55.6,64.5
2011,Nebraska,60.9,57.5,64.3
2011,Pennsylvania,60.9,56.3,65.3
2011,Indiana,61.2,56.4,65.7
2011,Arkansas,61.3,55.2,67.1
2011,Kentucky,61.6,57.2,65.9
2011,Delaware,61.8,54.7,68.4
2011,Kansas,62.2,59.4,65
2011,North Dakota,62.5,56.3,68.3
2011,Wyoming,62.5,56,68.5
2011,Georgia,62.6,58.3,66.7
2011,Maryland,62.6,57.5,67.4
2011,West Virginia,62.7,58,67.1
2011,Louisiana,63.2,59,67.3
2011,Wisconsin,63.2,56.3,69.6
2011,Iowa,65.3,60.2,70.2
2011,Michigan,67.1,63,71
2011,Missouri,68,63.2,72.5
2012,Virgin Islands of the U.S.,No Data,No Data,No Data
2012,Puerto Rico,46.6,42.5,50.7
2012,California,48.4,44.3,52.6
2012,Massachusetts,49.7,45.5,53.8
2012,New Jersey,50,45.7,54.3
2012,New York,50,42.8,57.3
2012,Colorado,50.5,45.8,55.3
2012,Nevada,50.9,42.4,59.3
2012,Arizona,51.2,44.3,58.1
2012,Guam,51.3,42.2,60.4
2012,Illinois,51.4,44.4,58.4
2012,District of Columbia,52.5,43.6,61.2
2012,New Mexico,52.9,48.5,57.1
2012,Alaska,53,44.4,61.4
2012,Texas,53.3,48.6,57.9
2012,Georgia,55.4,50,60.8
2012,Florida,56.2,50.2,61.9
2012,Wyoming,56.4,49.5,63.1
2012,Virginia,56.5,51.4,61.6
2012,Minnesota,56.6,51.2,61.9
2012,Rhode Island,56.9,50.8,62.9
2012,Maryland,57.2,52.5,61.8
2012,Pennsylvania,57.2,53.3,61
2012,Utah,57.2,52.5,61.9
2012,Vermont,57.8,50.8,64.5
2012,Alabama,58,53.7,62.2
2012,Missouri,58,52.4,63.3
2012,Washington,58.2,54,62.4
2012,Connecticut,58.6,52.6,64.4
2012,Maine,58.7,54.3,63
2012,Kentucky,58.8,54.3,63.2
2012,North Dakota,58.9,51.6,65.9
2012,Hawaii,59,51.8,65.7
2012,Montana,59.1,53.7,64.2
2012,South Carolina,59.1,55.2,63
2012,Mississippi,59.5,55.2,63.7
2012,Louisiana,59.6,54.9,64.2
2012,Delaware,59.7,52.6,66.4
2012,Oklahoma,59.8,55.5,64
2012,Michigan,59.9,55.3,64.4
2012,West Virginia,60.2,55.4,64.8
2012,Wisconsin,60.4,51.8,68.4
2012,Kansas,60.7,56.4,64.8
2012,Ohio,60.9,57.2,64.5
2012,North Carolina,61,57.1,64.7
2012,Arkansas,61.6,56,66.9
2012,Nebraska,61.6,57.8,65.2
2012,South Dakota,62.4,55.9,68.5
2012,Indiana,62.8,58.7,66.8
2012,Iowa,63,58,67.7
2012,Tennessee,63,58.4,67.4
2012,Idaho,63.1,55.2,70.4
2012,New Hampshire,63.8,58.5,68.8
2012,Oregon,63.9,57.6,69.8
2013,Virgin Islands of the U.S.,No Data,No Data,No Data
2013,Hawaii,41.4,34.9,48.3
2013,Puerto Rico,46.1,41.1,51.1
2013,New Mexico,47.5,42.3,52.8
2013,Guam,49.2,40.7,57.9
2013,Colorado,51.2,46.1,56.3
2013,Montana,52.1,46.7,57.4
2013,Massachusetts,52.4,47.3,57.4
2013,Florida,52.8,48.5,57.1
2013,California,53.2,48.5,57.9
2013,New Jersey,53.5,48.7,58.4
2013,New York,53.6,48.5,58.6
2013,Nevada,53.7,43.9,63.3
2013,Arizona,54.1,44.4,63.5
2013,Maryland,54.3,49.5,59
2013,Rhode Island,54.5,48.6,60.2
2013,Utah,54.6,49.6,59.6
2013,Virginia,55,50.1,59.9
2013,Washington,55.3,50.1,60.4
2013,Alabama,57.2,52.2,62
2013,Wisconsin,57.3,49.7,64.5
2013,Oregon,58.1,52.2,63.8
2013,Georgia,58.2,53.4,62.9
2013,Wyoming,58.2,51.6,64.6
2013,Texas,58.6,53.5,63.5
2013,Connecticut,58.7,52.8,64.5
2013,Maine,58.7,53.4,63.8
2013,North Carolina,58.7,54.2,63.2
2013,Michigan,59.1,55,63.1
2013,New Hampshire,59.2,53.1,65
2013,Delaware,59.4,52.9,65.6
2013,District of Columbia,59.8,52.5,66.6
2013,Indiana,59.9,55.7,64
2013,Missouri,60,54.4,65.4
2013,Idaho,60.4,53.2,67.2
2013,Mississippi,60.7,56.1,65.1
2013,Tennessee,60.7,54.9,66.1
2013,Kansas,61.1,58.3,63.8
2013,Arkansas,61.2,55.2,66.8
2013,Minnesota,61.2,54.7,67.3
2013,South Carolina,61.6,57.6,65.4
2013,Pennsylvania,62.2,57.9,66.4
2013,Alaska,63,54.5,70.8
2013,Ohio,63.1,58.8,67.3
2013,Oklahoma,63.1,58.5,67.4
2013,South Dakota,63.1,56.4,69.5
2013,Louisiana,63.6,57.8,69
2013,Vermont,64.2,58,69.9
2013,Nebraska,64.4,59.8,68.7
2013,West Virginia,64.4,60.1,68.4
2013,Kentucky,64.8,60.6,68.8
2013,Illinois,65,58.7,70.7
2013,North Dakota,65.3,59.9,70.4
2013,Iowa,65.5,60.1,70.6
2014,Virgin Islands of the U.S.,No Data,No Data,No Data
2014,Guam,41.8,34.6,49.3
2014,Hawaii,43.4,37.5,49.5
2014,California,44.6,40.1,49.2
2014,District of Columbia,47,38.4,55.7
2014,Puerto Rico,49.9,45.4,54.5
2014,Nevada,50.9,42,59.8
2014,Massachusetts,51,46.4,55.7
2014,New Mexico,51.3,46.4,56.2
2014,Rhode Island,51.5,45.7,57.3
2014,Colorado,51.8,47.4,56.2
2014,Wyoming,52.3,44.2,60.2
2014,New Jersey,52.6,47.9,57.3
2014,Idaho,54.5,46.9,62
2014,Utah,54.8,50.7,58.8
2014,Connecticut,54.9,49,60.7
2014,Oregon,54.9,48.2,61.4
2014,New York,55.4,49.9,60.8
2014,Georgia,55.5,50,60.8
2014,South Dakota,55.9,48,63.6
2014,Mississippi,56.6,50.4,62.7
2014,Florida,56.8,52.1,61.4
2014,Minnesota,57.1,53.2,61
2014,North Carolina,57.3,52.7,61.8
2014,Delaware,57.4,50.4,64.2
2014,Washington,57.4,52.3,62.3
2014,Virginia,57.9,53.3,62.3
2014,Montana,58.1,52,64
2014,Pennsylvania,58.3,54,62.5
2014,Missouri,58.6,52.5,64.5
2014,New Hampshire,58.7,52,65.2
2014,Texas,59.1,54.8,63.3
2014,Kansas,59.2,55.7,62.6
2014,Tennessee,59.2,53.4,64.6
2014,Alabama,59.3,55.2,63.4
2014,Nebraska,59.4,55.3,63.4
2014,Maine,59.6,54.6,64.4
2014,Michigan,59.7,55.2,64.1
2014,Illinois,60.7,54.2,66.8
2014,Wisconsin,60.9,54.6,66.8
2014,Maryland,61,56.3,65.4
2014,Ohio,61,56.6,65.3
2014,Oklahoma,61,57.1,64.7
2014,Kentucky,61.1,56.5,65.6
2014,Vermont,61.1,55.1,66.7
2014,South Carolina,61.7,58.1,65.2
2014,Arizona,62.1,57.9,66.1
2014,North Dakota,62.1,55.4,68.3
2014,Indiana,63.2,59.4,66.9
2014,West Virginia,63.4,59.1,67.5
2014,Arkansas,63.6,57.8,69.1
2014,Louisiana,63.9,59.4,68.2
2014,Alaska,64.5,56.6,71.7
2014,Iowa,64.6,59.5,69.4
2015,Virgin Islands of the U.S.,No Data,No Data,No Data
2015,California,43.7,39.4,48.1
2015,Nevada,44.8,34.6,55.5
2015,Puerto Rico,48,43.6,52.4
2015,New Jersey,48.1,42.4,53.8
2015,New York,49.3,45.2,53.5
2015,Colorado,50.8,45.5,56.2
2015,Hawaii,50.8,44.7,56.8
2015,Alaska,52,40.9,62.9
2015,New Mexico,52.5,46.7,58.2
2015,Arizona,52.9,47.2,58.6
2015,Florida,52.9,47.6,58
2015,Delaware,53.9,46.8,60.9
2015,Montana,53.9,46.5,61.1
2015,Mississippi,54.2,49.1,59.2
2015,Massachusetts,54.9,49.3,60.5
2015,Indiana,55,49,60.9
2015,Minnesota,55,50.9,59
2015,Guam,55.2,44.8,65.2
2015,Texas,55.8,50.5,60.9
2015,South Carolina,56.1,51.8,60.3
2015,Wisconsin,56.2,49.4,62.9
2015,Virginia,56.3,51.7,60.9
2015,Washington,56.3,51.9,60.5
2015,Connecticut,56.6,51.8,61.3
2015,Rhode Island,56.8,50.1,63.2
2015,Ohio,58.2,53.4,62.8
2015,District of Columbia,59.1,49,68.5
2015,Georgia,59.1,53.4,64.6
2015,Maryland,59.2,53.1,65.1
2015,West Virginia,59.4,55.1,63.6
2015,Illinois,59.5,53.5,65.1
2015,Missouri,59.6,54.2,64.7
2015,Utah,59.7,54.9,64.4
2015,Wyoming,59.8,52.5,66.7
2015,New Hampshire,60,53.3,66.4
2015,Louisiana,60.3,54.4,65.9
2015,Michigan,60.5,55.9,64.8
2015,Iowa,60.6,54.6,66.3
2015,Oregon,60.6,54.4,66.4
2015,Tennessee,61.6,55.8,67.1
2015,Idaho,61.9,55.1,68.3
2015,North Carolina,61.9,57.2,66.3
2015,Vermont,62.2,56.3,67.9
2015,Kansas,62.4,59.7,65.1
2015,Alabama,62.7,58.5,66.8
2015,Pennsylvania,63,57,68.5
2015,Maine,63.3,58.1,68.3
2015,Arkansas,64,57.7,70
2015,South Dakota,64,57.6,70
2015,Nebraska,64.5,60.2,68.6
2015,Kentucky,64.7,59.7,69.4
2015,Oklahoma,65.2,60.6,69.5
2015,North Dakota,66,59.2,72.2
2016,Guam,39.7,30,50.3
2016,Hawaii,49.9,44.9,55
2016,California,50.4,45.9,54.8
2016,New York,51.2,47.2,55.2
2016,Colorado,51.3,46.9,55.8
2016,Wyoming,51.5,43,59.8
2016,Massachusetts,51.6,45.8,57.3
2016,New Mexico,51.8,46,57.6
2016,Idaho,52.2,44.6,59.7
2016,Florida,52.5,48.6,56.5
2016,Utah,53.7,48.5,58.9
2016,Washington,54.1,50,58.2
2016,Puerto Rico,54.2,48.7,59.6
2016,Connecticut,55,50,59.8
2016,Nevada,55.1,47.8,62.2
2016,New Hampshire,55.3,49.1,61.3
2016,Virgin Islands of the U.S.,55.5,43.1,67.3
2016,South Dakota,56.1,47.6,64.3
2016,District of Columbia,56.4,50,62.6
2016,Virginia,56.6,52.1,61
2016,Oregon,56.7,50.4,62.7
2016,New Jersey,56.8,50.3,63.1
2016,Georgia,57.3,51.8,62.5
2016,Kentucky,57.7,52.8,62.4
2016,Oklahoma,57.9,53,62.7
2016,Arkansas,58,50.8,64.9
2016,Minnesota,58,54.3,61.7
2016,South Carolina,58.2,54.3,62
2016,Arizona,58.3,53.2,63.3
2016,Maine,58.5,53,63.9
2016,North Carolina,58.8,53.9,63.6
2016,North Dakota,58.9,52.7,64.9
2016,Michigan,59.5,55.6,63.2
2016,Maryland,59.6,55.7,63.3
2016,Kansas,60,56,64
2016,Montana,60,52.9,66.7
2016,Ohio,60,55.5,64.3
2016,Texas,60,54.1,65.6
2016,Pennsylvania,60.1,54.7,65.2
2016,Tennessee,60.3,55.2,65.3
2016,Indiana,60.9,56.6,65
2016,Rhode Island,60.9,54.5,66.9
2016,Alaska,61.1,50.2,70.9
2016,Vermont,61.5,55.4,67.3
2016,Illinois,61.6,55.3,67.5
2016,Louisiana,61.7,55.1,67.9
2016,Alabama,61.8,57.1,66.3
2016,Nebraska,62.5,57.5,67.3
2016,Wisconsin,62.5,56,68.7
2016,Missouri,63.1,57.3,68.5
2016,Mississippi,64.4,59.5,69.1
2016,Iowa,65.1,59.9,70
2016,West Virginia,67.4,63.7,71
2016,Delaware,67.6,61.1,73.5
2017,Virgin Islands of the U.S.,No Data,No Data,No Data
2017,Hawaii,45.9,40.6,51.4
2017,Massachusetts,48,40.9,55.3
2017,Guam,48.6,39.2,58.1
2017,Nevada,49.3,41,57.8
2017,New York,49.6,45,54.2
2017,New Jersey,49.7,44.4,55
2017,California,50.9,45.5,56.3
2017,Colorado,51.5,46.5,56.4
2017,Washington,51.7,47.3,56.1
2017,South Dakota,51.8,43.3,60.2
2017,Connecticut,52.6,47.8,57.4
2017,New Mexico,53.7,47.7,59.7
2017,Delaware,54.1,47,61.1
2017,Utah,54.1,48.6,59.5
2017,Puerto Rico,54.5,49,59.8
2017,Maryland,56.1,51.5,60.6
2017,Maine,56.3,50.8,61.6
2017,Florida,56.7,51.1,62.2
2017,Arizona,57.1,53.5,60.6
2017,Alabama,58,53.5,62.3
2017,Montana,58.6,51.3,65.4
2017,North Carolina,59.1,53.1,64.8
2017,South Carolina,59.1,55.3,62.8
2017,Illinois,59.2,53.4,64.7
2017,Tennessee,59.6,54.1,64.8
2017,Virginia,59.7,55.2,64
2017,Mississippi,60.5,55.1,65.6
2017,District of Columbia,60.7,53.5,67.4
2017,Michigan,60.9,56.7,64.9
2017,Minnesota,61,57,64.9
2017,Georgia,61.1,55.9,66
2017,Wyoming,61.1,54.4,67.4
2017,Idaho,61.3,54.6,67.5
2017,Indiana,61.3,57.9,64.6
2017,Nebraska,61.3,56.9,65.6
2017,Kentucky,61.4,55.7,66.9
2017,Texas,61.6,55.2,67.6
2017,Rhode Island,62.6,56,68.7
2017,Kansas,62.7,59.8,65.5
2017,Louisiana,63.4,57.9,68.5
2017,Wisconsin,63.6,55.5,70.9
2017,Missouri,64.2,58.5,69.5
2017,Pennsylvania,64.2,58.7,69.3
2017,Oklahoma,64.3,59.9,68.5
2017,North Dakota,64.5,58.8,69.8
2017,Arkansas,64.6,57.9,70.8
2017,New Hampshire,64.6,58.3,70.4
2017,Ohio,64.6,60.5,68.5
2017,Vermont,65,58.3,71.1
2017,Iowa,66,61.1,70.6
2017,Alaska,66.2,54.5,76.2
2017,West Virginia,66.3,62.1,70.2
2017,Oregon,66.9,60.8,72.5
2018,Virgin Islands of the U.S.,No Data,No Data,No Data
2018,Guam,39.7,30.7,49.4
2018,Hawaii,49.1,44,54.2
2018,Idaho,49.9,42.3,57.6
2018,California,50.5,46,55
2018,Massachusetts,50.7,44.3,57.1
2018,New York,51.2,47.7,54.7
2018,Utah,51.6,46.8,56.3
2018,Puerto Rico,52.4,47.4,57.3
2018,Alaska,53.1,43,62.9
2018,Florida,53.5,47.6,59.4
2018,Connecticut,54.3,49.6,58.9
2018,Montana,55.2,48.1,62.1
2018,Louisiana,55.3,49.9,60.6
2018,North Dakota,55.3,48.4,61.9
2018,Texas,55.5,49.1,61.7
2018,Colorado,55.6,50.3,60.8
2018,Pennsylvania,56,50.3,61.5
2018,Nevada,56.1,46.6,65.3
2018,Maryland,56.2,52.3,60.1
2018,Washington,57.1,52.9,61.2
2018,Arizona,57.2,50.5,63.7
2018,District of Columbia,57.2,50.2,63.9
2018,Georgia,57.5,53.2,61.6
2018,Minnesota,58.1,54.5,61.6
2018,Maine,58.2,52.9,63.3
2018,New Mexico,58.4,53.4,63.2
2018,Missouri,58.6,52.7,64.3
2018,Illinois,58.7,53,64.1
2018,New Hampshire,59.2,53.2,64.9
2018,Oklahoma,59.4,53.8,64.8
2018,Rhode Island,59.7,53.7,65.4
2018,Vermont,59.8,53.3,65.9
2018,New Jersey,60.1,50.5,69
2018,Nebraska,60.3,56,64.5
2018,Alabama,60.7,56.2,65
2018,Michigan,60.8,56.5,65
2018,Oregon,60.8,54.9,66.4
2018,Kansas,61.5,57.4,65.4
2018,Virginia,61.8,56.5,66.8
2018,South Dakota,62.2,54.4,69.5
2018,Tennessee,62.3,56.5,67.7
2018,Delaware,62.4,56.7,67.9
2018,Indiana,62.6,57.9,67.1
2018,Arkansas,62.8,57.2,68.1
2018,Ohio,62.8,58.7,66.7
2018,South Carolina,62.9,59,66.6
2018,Kentucky,63.8,58.9,68.4
2018,North Carolina,64,58.3,69.4
2018,Wyoming,65.3,58.7,71.5
2018,Wisconsin,65.8,58.3,72.5
2018,West Virginia,66.1,61.6,70.3
2018,Mississippi,66.6,62.1,70.7
2018,Iowa,67.5,63.2,71.5
2019,Virgin Islands of the U.S.,No Data,No Data,No Data
2019,New Jersey,No Data,No Data,No Data
2019,Nevada,46.7,37.3,56.4
2019,Alaska,47.7,38.7,56.9
2019,Florida,49,42.9,55.2
2019,Puerto Rico,49.8,45.3,54.4
2019,Guam,50.5,43,57.9
2019,California,51,46.7,55.4
2019,New York,51,46.4,55.6
2019,South Dakota,51.3,41.5,61
2019,Massachusetts,52.4,45.8,58.9
2019,New Mexico,53,47.3,58.6
2019,Hawaii,53.3,48.1,58.3
2019,Colorado,54.2,48.9,59.4
2019,Connecticut,55.1,49.8,60.3
2019,Texas,56.1,50.1,61.9
2019,Maryland,56.2,52.1,60.2
2019,Rhode Island,56.2,49.5,62.7
2019,Utah,56.5,51.7,61.1
2019,Idaho,56.6,49.1,63.8
2019,Washington,57.2,52.9,61.4
2019,Minnesota,57.5,53.7,61.3
2019,North Carolina,58.3,52.8,63.5
2019,Arizona,58.4,52,64.5
2019,Georgia,58.8,53.3,64
2019,Wyoming,59.4,49.8,68.3
2019,Vermont,59.8,51.8,67.2
2019,Illinois,59.9,54.8,64.8
2019,Alabama,60,55.7,64.2
2019,Indiana,60,55.8,64.1
2019,Missouri,60.2,54.5,65.6
2019,Delaware,60.3,53.1,67
2019,Nebraska,60.6,56.7,64.5
2019,Iowa,60.8,56.6,64.8
2019,South Carolina,60.9,56,65.5
2019,Kentucky,61.1,56,66
2019,Oregon,61.1,54.8,67.1
2019,Pennsylvania,61.1,55.6,66.3
2019,District of Columbia,61.4,53,69.1
2019,Maine,61.7,56.4,66.7
2019,Ohio,61.7,57.1,66.1
2019,Virginia,61.7,57.2,66
2019,Arkansas,61.9,56.2,67.3
2019,North Dakota,62.3,55.5,68.6
2019,New Hampshire,62.5,56,68.6
2019,West Virginia,62.8,57.9,67.5
2019,Kansas,63,58.9,66.9
2019,Louisiana,63.7,58.6,68.4
2019,Mississippi,64.4,59.7,68.8
2019,Montana,64.8,58.5,70.6
2019,Wisconsin,65.1,58.1,71.6
2019,Oklahoma,65.8,61.2,70.1
2019,Michigan,66.2,62,70.2
2019,Tennessee,67.7,62.9,72.1
2020,Virgin Islands of the U.S.,No Data,No Data,No Data
2020,New Jersey,47.3,42,52.8
2020,New York,48.2,43.8,52.7
2020,Massachusetts,51,44,57.9
2020,Guam,51.5,41.3,61.6
2020,Hawaii,52.1,46.3,57.8
2020,District of Columbia,52.3,43,61.4
2020,Puerto Rico,53.2,47.9,58.5
2020,Vermont,54.2,47.3,61
2020,Connecticut,55,48.9,61
2020,Virginia,55.3,50.4,60.2
2020,Colorado,55.8,50.8,60.6
2020,Pennsylvania,55.8,49.7,61.7
2020,North Dakota,55.9,48.5,63.1
2020,Maryland,56,51.6,60.3
2020,Oregon,56.2,49.9,62.3
2020,Texas,56.2,49.9,62.3
2020,Arizona,56.4,51.4,61.3
2020,Wyoming,56.6,48.1,64.6
2020,Washington,57,52.5,61.3
2020,Rhode Island,57.2,50.1,64.1
2020,South Carolina,57.4,51.2,63.2
2020,Alaska,57.5,46.7,67.7
2020,Louisiana,58.2,52.4,63.8
2020,Montana,58.3,52.1,64.1
2020,Florida,58.6,51,65.7
2020,New Mexico,58.6,52.1,64.7
2020,Utah,58.7,53.8,63.4
2020,Ohio,59.6,55.7,63.5
2020,North Carolina,59.8,54.4,64.9
2020,Delaware,59.9,51.3,67.9
2020,Missouri,60.1,55.3,64.7
2020,Wisconsin,60.2,52.7,67.2
2020,Maine,60.3,54.7,65.6
2020,Alabama,60.4,54.8,65.7
2020,Georgia,60.6,55.2,65.7
2020,California,61,54.1,67.5
2020,Tennessee,61,54.8,66.8
2020,Minnesota,61.2,57.4,64.9
2020,Arkansas,61.4,55.8,66.7
2020,Illinois,62.3,53.9,70.1
2020,Mississippi,62.3,57.5,66.9
2020,Indiana,62.6,58.5,66.6
2020,Michigan,62.8,57.4,67.8
2020,South Dakota,63.1,53.7,71.6
2020,Kansas,64.1,60.1,67.9
2020,Idaho,64.6,57.4,71.2
2020,Nebraska,64.9,60.3,69.2
2020,Oklahoma,65,59.6,70
2020,New Hampshire,65.3,59.3,70.9
2020,Kentucky,65.7,60.3,70.7
2020,West Virginia,66.7,62.4,70.7
2020,Nevada,67.5,57.9,75.9
2020,Iowa,68.2,64.2,71.9
2021,Florida,No Data,No Data,No Data
2021,California,47.8,42.5,53.1
2021,Hawaii,50.2,44.4,56
2021,New Jersey,50.9,45.3,56.4
2021,New York,51,47.7,54.3
2021,Massachusetts,53,46.2,59.7
2021,Alaska,54.5,46.2,62.6
2021,Maryland,54.5,50.4,58.5
2021,Utah,54.7,50,59.4
2021,Nevada,55,45.4,64.2
2021,New Mexico,55,49.6,60.3
2021,Washington,56.1,51.5,60.7
2021,Rhode Island,56.3,49.8,62.7
2021,Connecticut,56.6,50.9,62.1
2021,Colorado,56.7,51.4,61.9
2021,Illinois,56.7,48.6,64.6
2021,Wyoming,56.8,48.6,64.7
2021,Delaware,57.4,49.3,65.2
2021,Arizona,57.9,53.1,62.4
2021,District of Columbia,57.9,48.4,66.8
2021,Oregon,58.2,51.6,64.5
2021,Idaho,58.3,52.4,64
2021,South Dakota,59,49.3,68.1
2021,Michigan,59.1,54.4,63.7
2021,Guam,Suppressed,Suppressed,Suppressed
2021,Puerto Rico,59.6,53.7,65.2
2021,Maine,60,54.7,65.1
2021,Virginia,60,55.2,64.7
2021,Georgia,60.1,54.8,65.2
2021,Iowa,60.3,55.3,65
2021,Minnesota,60.4,56.6,64.1
2021,New Hampshire,61,54.2,67.5
2021,Texas,61.1,55.7,66.3
2021,Tennessee,61.2,55.6,66.5
2021,South Carolina,61.7,57.3,65.9
2021,Kansas,61.9,58.7,65.1
2021,Oklahoma,62.2,56.5,67.5
2021,North Carolina,62.7,57,68
2021,Indiana,62.8,58.8,66.5
2021,Mississippi,62.9,57.6,67.9
2021,Montana,63.3,57.1,69.2
2021,Vermont,63.4,56.1,70.2
2021,West Virginia,63.4,59,67.5
2021,North Dakota,63.6,57.4,69.4
2021,Pennsylvania,63.9,58.4,69
2021,Louisiana,64.4,58.9,69.6
2021,Nebraska,64.7,60.7,68.6
2021,Alabama,65.3,59.9,70.3
2021,Missouri,66.3,62,70.4
2021,Arkansas,66.5,60.5,72.1
2021,Virgin Islands of the U.S.,Suppressed,Suppressed,Suppressed
2021,Ohio,68.3,64.8,71.6
2021,Kentucky,68.9,63.5,73.9
2021,Wisconsin,71.2,64.2,77.3
2022,Guam,38.7,29.2,49.1
2022,Virgin Islands of the U.S.,Suppressed,Suppressed,Suppressed
2022,New Jersey,47.2,40.4,54.2
2022,Hawaii,48.5,43.2,53.8
2022,California,49,43.7,54.3
2022,Colorado,49.4,43.8,55.1
2022,Connecticut,50.3,44.5,56.2
2022,Puerto Rico,51.6,46.3,57
2022,New York,52.3,48.2,56.3
2022,Nevada,53.1,44.2,61.9
2022,Massachusetts,53.4,47.7,59
2022,Pennsylvania,54.2,47.1,61
2022,Arizona,55.7,49.8,61.3
2022,Kansas,56,51.2,60.7
2022,New Mexico,56.3,49.5,62.9
2022,South Carolina,56.5,51.7,61.2
2022,Texas,56.6,51.4,61.7
2022,Virginia,56.8,51.9,61.5
2022,North Carolina,57,50.6,63.2
2022,District of Columbia,57.4,47.9,66.4
2022,Nebraska,57.7,51.9,63.2
2022,Rhode Island,58,52,63.7
2022,Florida,58.1,51.1,64.7
2022,Georgia,58.5,53.2,63.6
2022,North Dakota,58.8,51.8,65.5
2022,Vermont,59.1,52.5,65.5
2022,Maryland,59.2,54.8,63.4
2022,Alaska,59.4,52.3,66.1
2022,Idaho,59.5,53.5,65.3
2022,Oregon,60,52.9,66.8
2022,Kentucky,60.1,53.5,66.4
2022,Oklahoma,60.1,55.3,64.8
2022,Washington,60.1,56.7,63.3
2022,Arkansas,60.4,55.3,65.3
2022,Minnesota,60.4,56.4,64.3
2022,New Hampshire,60.5,54.4,66.3
2022,Maine,60.7,55.2,65.9
2022,Michigan,61.3,56.4,66.1
2022,Mississippi,61.5,55.5,67.3
2022,Montana,61.6,55.7,67.2
2022,Indiana,61.7,57.8,65.4
2022,Alabama,62.6,57.2,67.7
2022,Illinois,63,56.8,68.8
2022,Utah,63.5,58.4,68.2
2022,Tennessee,64.1,59,68.9
2022,Ohio,64.2,60.3,67.8
2022,Missouri,64.6,59.5,69.4
2022,Iowa,66.5,62,70.7
2022,South Dakota,66.9,57.2,75.4
2022,West Virginia,66.9,62.6,70.9
2022,Wyoming,67.9,61.4,73.7
2022,Louisiana,68.4,63.7,72.7
2022,Delaware,68.6,61.7,74.8
2022,Wisconsin,69.4,65.4,73.2
2023,Pennsylvania,No Data,No Data,No Data
2023,Kentucky,No Data,No Data,No Data
2023,Guam,42.7,33.2,52.8
2023,Virgin Islands of the U.S.,45.3,33.5,57.6
2023,Nevada,46.4,34.7,58.6
2023,Hawaii,46.8,40.8,53
2023,California,47.6,42.7,52.6
2023,Rhode Island,50.7,44.2,57.1
2023,Texas,51.7,44.9,58.4
2023,Massachusetts,51.8,45.4,58.1
2023,New York,52.3,48.4,56.3
2023,New Jersey,53.7,47.9,59.5
2023,Florida,53.9,47.2,60.5
2023,Connecticut,54.1,46.6,61.5
2023,Puerto Rico,54.6,49.2,59.9
2023,Colorado,55.4,49.7,60.9
2023,Maryland,55.4,50.8,60
2023,Arizona,55.7,50.8,60.4
2023,New Mexico,56.5,46.2,66.3
2023,Washington,56.6,53.4,59.7
2023,Delaware,57.1,48.6,65.2
2023,Idaho,57.3,51,63.4
2023,Utah,57.6,52.3,62.6
2023,Virginia,57.7,51.1,64
2023,North Carolina,58.1,50.1,65.7
2023,Georgia,58.7,53.5,63.6
2023,Montana,58.9,52.9,64.6
2023,North Dakota,59.4,53.2,65.4
2023,Wyoming,59.6,52.2,66.5
2023,Illinois,59.9,53.6,65.8
2023,Tennessee,59.9,54.4,65.2
2023,Maine,60,55.3,64.4
2023,Alabama,60.1,54.5,65.5
2023,Michigan,61,55.8,65.9
2023,Alaska,61.5,54,68.5
2023,Minnesota,61.6,56.8,66.2
2023,Vermont,61.7,55.6,67.5
2023,District of Columbia,62,52.5,70.6
2023,Nebraska,62.2,58,66.2
2023,Arkansas,62.8,57.5,67.9
2023,Oklahoma,62.8,58.3,67
2023,South Carolina,63.1,59,67.2
2023,Indiana,63.2,59.5,66.8
2023,West Virginia,63.2,58.2,68
2023,Mississippi,63.3,57.5,68.8
2023,Ohio,63.3,59.6,66.9
2023,Wisconsin,63.3,59.1,67.3
2023,South Dakota,63.9,53.5,73.2
2023,Missouri,64.1,58.8,69.1
2023,Kansas,65.1,60.6,69.4
2023,New Hampshire,65.5,58.6,71.8
2023,Louisiana,66.2,61.4,70.7
2023,Iowa,66.5,62,70.7
2023,Oregon,68.6,62.9,73.7
US Diabetes Surveillance System; www.cdc.gov/diabetes/data; Division of Diabetes Translation - Centers for Disease Control and Prevention.